Query,Clicks,Impressions,CTR,Position
cloudbolt,4095,9133,44.84%,1.05
cloudbolt software,596,1338,44.54%,1.02
cloud bolt,459,1096,41.88%,1.02
cloudbolt careers,85,129,65.89%,1
cloud automation,46,7772,0.59%,7.77
cloud bolt software,33,71,46.48%,1
cloudbolt pricing,31,158,19.62%,2.25
cloudbolt.io,29,71,40.85%,1
cloudbolt documentation,26,271,9.59%,1
what is cloudbolt,25,94,26.60%,1.03
cloudbolt terraform,25,64,39.06%,1.25
cloudbold,24,48,50%,1.4
why serverless is bad,16,143,11.19%,3.8
hybrid cloud automation,13,1354,0.96%,10
cloud management platform,12,9671,0.12%,25.36
juju vs docker,12,21,57.14%,1
cloud automation platform,11,1870,0.59%,3.34
cloud orchestration software,11,1272,0.86%,3.56
cloud automation examples,11,119,9.24%,5.15
cloud orchestration tools,10,1990,0.50%,9.99
gartner ibm cloud,10,87,11.49%,9.11
cloudbolt software download,9,9,100%,1
cloudbolt portland,8,55,14.55%,2.93
hybrid cloud management platform,7,1122,0.62%,10.62
omni cloud,7,162,4.32%,8.9
"cloudbolt software, inc.",7,21,33.33%,1
cloud management platform gartner,6,374,1.60%,10.4
gartner cmp,6,199,3.02%,9.55
cloudbolt competitors,6,160,3.75%,7.51
terraform self service portal,6,105,5.71%,7.16
cloud provisioning automation,6,63,9.52%,6.87
what is cloud automation,5,1206,0.41%,6.55
multi cloud management platform gartner,5,433,1.15%,9.27
magic quadrant for cloud management platforms,5,388,1.29%,8.17
open source cloud management platform,5,184,2.72%,26.85
gartner cmp magic quadrant 2019,5,148,3.38%,6.92
cloudnews,5,132,3.79%,7.21
cloudbolt ceo,5,6,83.33%,1.83
cloud orchestration,4,3190,0.13%,19.86
cloud orchestration example,4,186,2.15%,9.35
gartner magic quadrant cloud management platform 2019,4,162,2.47%,7.75
cloudbolt api,4,99,4.04%,3.18
multi cloud management platform open source,4,95,4.21%,27.29
cloud automation platforms,4,66,6.06%,4.86
product overview pdf,4,51,7.84%,7.06
hybrid cloud orchestration,3,692,0.43%,14.45
bolt cloud,3,637,0.47%,8.67
self service provisioning,3,564,0.53%,6.24
cloud management platform magic quadrant,3,384,0.78%,8.63
top cloud providers gartner,3,126,2.38%,9.01
juju docker,3,113,2.65%,9.46
automation in cloud,3,99,3.03%,8.88
tanzu vs anthos,3,92,3.26%,7.65
cloud self service,3,91,3.30%,6.98
cloudbolt logo,3,89,3.37%,1
aws hci,3,79,3.80%,8.25
self service provisioning in cloud computing,3,65,4.62%,5.95
cloud management platform vendor landscape,3,54,5.56%,3.31
self provisioning in cloud computing,3,31,9.68%,7
cloutlug,3,30,10%,2.23
omni-cloud,3,30,10%,9.9
hybrid cloud management,2,5569,0.04%,20.09
orchestration software,2,950,0.21%,14.12
cloud provisioning tools,2,835,0.24%,23.02
automation cloud,2,424,0.47%,8.09
hybrid cloud management solutions,2,402,0.50%,9.5
multi cloud orchestration,2,396,0.51%,14.37
self-service provisioning,2,264,0.76%,7.09
kubernetes management platform,2,192,1.04%,57.36
cmp gartner,2,119,1.68%,8.55
cloud management platform gartner magic quadrant,2,116,1.72%,8.93
gartner magic quadrant cloud management,2,91,2.20%,9.35
self service in cloud computing,2,75,2.67%,5.13
google cloud management tools,2,56,3.57%,12.04
hci vs cloud,2,47,4.26%,16.15
cloud management platforms comparison,2,46,4.35%,12.87
magic quadrant for cloud management platforms 2019,2,29,6.90%,7.66
aws blueprints,2,29,6.90%,20.76
automate cloud,2,24,8.33%,8.67
juju vs,2,24,8.33%,14.04
cloud gartner magic quadrant 2020,2,18,11.11%,12.56
critical capabilities for cloud management platforms,2,17,11.76%,3.71
cloud self service portal open source,2,11,18.18%,10.73
vmware multicloud,2,5,40%,30.6
cloudbolt revenue,2,4,50%,1.25
cloudbolt rockville md,2,4,50%,3.75
cloud management,1,13956,0.01%,50.68
cloud management software,1,3915,0.03%,28.79
cloud cost management,1,3469,0.03%,47.28
cloud management tools,1,2764,0.04%,29.62
cloud management solutions,1,2117,0.05%,41.42
enterprise cloud strategy,1,1417,0.07%,33.05
cloud management solution,1,950,0.11%,36.96
gartner cloud,1,795,0.13%,40.22
cloud management platforms,1,683,0.15%,26.43
cloud provisioning software,1,652,0.15%,10.69
best cloud management software,1,636,0.16%,29.18
cloud management platform comparison,1,613,0.16%,12.81
brownfield deployment,1,493,0.20%,7.32
private cloud management software,1,479,0.21%,34.93
hybrid management,1,406,0.25%,50.4
google cloud platform overview,1,382,0.26%,30.27
what is veeam,1,359,0.28%,48.69
service provisioning,1,353,0.28%,47.36
open source self service portal,1,352,0.28%,37.94
hybrid cloud orchestration tools,1,351,0.28%,7.79
best cloud management platform,1,323,0.31%,22.03
cloud portal software,1,245,0.41%,10.18
cloud computing orchestration,1,245,0.41%,19.28
workload automation tools comparison,1,225,0.44%,28.93
orchestration cloud,1,207,0.48%,34.31
service provisioning software,1,197,0.51%,7.62
cross cloud,1,193,0.52%,41.13
hybrid cloud management platforms,1,183,0.55%,8.16
cmp cloud management platform,1,177,0.56%,28.06
servicenow cloud management,1,174,0.57%,48.54
microsoft azure gartner magic quadrant,1,148,0.68%,11.66
gartner magic quadrant private cloud,1,147,0.68%,16.1
gartner cloud migration,1,143,0.70%,13.22
aws deployment strategies,1,142,0.70%,28.76
it infrastructure for beginners,1,140,0.71%,31.37
gartner magic quadrant cloud management platform,1,132,0.76%,9.88
cloud integration partners,1,123,0.81%,42.43
automated cloud provisioning,1,110,0.91%,8.23
cloud blueprint,1,108,0.93%,10.17
benefits of moving to the cloud,1,106,0.94%,35.77
magic quadrant cloud management platform,1,99,1.01%,7.28
cloud management software gartner,1,96,1.04%,10.53
provisioning in cloud,1,87,1.15%,11.1
cloud computing provisioning,1,85,1.18%,9.38
cloud management platforms gartner,1,84,1.19%,10.2
terraform integration,1,84,1.19%,83.37
cloud software deployment,1,82,1.22%,29.87
infrastructure as code,1,71,1.41%,91.34
cloud management platform architecture,1,70,1.43%,13.47
ibm cloud gartner,1,69,1.45%,8.72
onapp vmware,1,60,1.67%,29.2
aws bolt,1,59,1.69%,6.05
gartner top cloud providers,1,59,1.69%,8.07
kubernetes pitfalls,1,59,1.69%,11.88
hybrid cloud,1,58,1.72%,62.97
best hybrid cloud management platform,1,57,1.75%,6.65
hybrid it infrastructure management,1,57,1.75%,79.96
automation in the cloud,1,56,1.79%,8.14
cloud management platforms magic quadrant,1,54,1.85%,7.57
cloud computing self service,1,47,2.13%,6.34
rackspace armor,1,47,2.13%,9.62
server orchestration tools,1,47,2.13%,49.45
magic quadrant for cloud management platforms 2020,1,46,2.17%,8.83
veeam acquisition,1,45,2.22%,26.27
magic quadrant for cloud management platforms pdf,1,41,2.44%,8.56
provisioning cloud computing,1,41,2.44%,9.71
aws roi calculator,1,38,2.63%,29.53
extremecloudâ„¢ iq,1,37,2.70%,7.97
cloud infrastructure self service,1,34,2.94%,7.85
cloud provisioning tool,1,27,3.70%,16.7
enterprise cloud strategy example,1,27,3.70%,39.33
azure gartner magic quadrant 2019,1,25,4%,10.52
self-service it,1,23,4.35%,28.04
cloudbolt docs,1,20,5%,1.05
hci aws,1,20,5%,10.6
bolt.io,1,20,5%,16.1
gartner paas magic quadrant 2019,1,20,5%,17.25
ibm cloud pros and cons,1,20,5%,18.25
google cloud deployment manager,1,19,5.26%,52.21
cloudbolt training,1,18,5.56%,4.06
gartner cloud market share,1,18,5.56%,42.11
azure arc demo,1,17,5.88%,9.82
ip addresses used in cloud environments,1,14,7.14%,6.07
cloud cost management best practices,1,14,7.14%,14.5
custom software maintenance and support agreement,1,12,8.33%,53.58
turbot cloud governance,1,12,8.33%,55.5
omni cloud meaning,1,11,9.09%,10.45
gartner magic quadrant cloud 2020,1,11,9.09%,16.45
docker comparison,1,11,9.09%,32.45
system status software,1,10,10%,11.2
juju tool,1,8,12.50%,11.38
gartner cloud management platform 2019,1,7,14.29%,7.57
michael triplett insight,1,7,14.29%,28.14
cloudforms vs vrealize,1,6,16.67%,23.83
apn global startup program,1,5,20%,18
"""cloudhealth""",1,4,25%,24
cons of iaas,1,4,25%,41.25
brian kelly cloudbolt,1,3,33.33%,2
gartner cloud providers 2019,1,3,33.33%,14
cloud management provider,1,3,33.33%,42
why iac,1,2,50%,7.5
alibaba cloud gartner magic quadrant,1,2,50%,8
devops self service portal,1,2,50%,27
it governance best practices,1,1,100%,6
cloud benefits,1,1,100%,11
five disciplines of cloud governance,1,1,100%,14
kubernetes provisioning,1,1,100%,15
aws cloud kpis,1,1,100%,20
capita cloud,1,1,100%,20
gartner cloud providers 2020,1,1,100%,20
nanthealth,1,1,100%,38
aws outpost azure stack,1,1,100%,43
amazon cloud instance,1,1,100%,93
multi cloud management,0,3023,0%,39.32
private cloud computing,0,2624,0%,64.1
azure hybrid cloud,0,2603,0%,63.6
iaas providers,0,2598,0%,61.59
cloud strategy,0,2297,0%,78.4
public cloud computing,0,2288,0%,31.57
hybrid cloud benefits,0,2054,0%,55.87
cloud management suite,0,2014,0%,28.73
vmware yoy saas yoycondonzdnet,0,2001,0%,8.1
cloud cost management software,0,1934,0%,38.68
cloud provisioning,0,1741,0%,26.66
cloud automation and orchestration,0,1730,0%,22.91
orchestration tools,0,1550,0%,25.67
public cloud,0,1542,0%,81.23
public cloud management,0,1423,0%,48.54
multi cloud management platform,0,1277,0%,49.93
enterprise hybrid cloud,0,1222,0%,70.7
devops storage,0,1207,0%,45.64
cloud computing software,0,1189,0%,82.59
cloud infrastructure management,0,1145,0%,27.2
cloud automation tools,0,1109,0%,15.54
hybrid cloud deployment,0,1108,0%,63.61
cloud management portal,0,1046,0%,38.39
cloud cost management tools,0,1044,0%,32.51
container technology,0,1037,0%,76.76
public cloud private cloud,0,1020,0%,75.69
automated provisioning,0,1015,0%,50.84
hybrid cloud software,0,1000,0%,37.35
cloud automation software,0,952,0%,6.57
cloud governance,0,938,0%,52.44
cloud management platform tools,0,923,0%,33.63
infrastructure as code definition,0,900,0%,66.38
cloud management system,0,889,0%,66.81
hybrid cloud management tools,0,887,0%,18.87
provisioning software,0,882,0%,28.31
gartner magic quadrant cloud,0,867,0%,27.69
what is orchestration,0,845,0%,28.57
cloud management companies,0,840,0%,44.67
chef vs puppet,0,797,0%,44.08
rugged devops,0,796,0%,52.47
cloud automation solutions,0,794,0%,39.09
software cloud,0,791,0%,70.2
private cloud orchestration,0,785,0%,29.01
cloud vendors,0,780,0%,48.27
orchestration vs automation,0,776,0%,60.26
what is cloud management platform,0,775,0%,30.01
ip address management,0,773,0%,80.06
cloud computing public cloud,0,754,0%,33.41
public clouds,0,728,0%,71.56
vm sprawl,0,720,0%,28.75
public cloud and private cloud,0,706,0%,71.37
devops configuration management,0,703,0%,85.93
servicenow alternatives,0,665,0%,51.52
multi cloud management tools,0,662,0%,33.81
cloud governance best practices,0,662,0%,43.3
multi cloud management system,0,661,0%,35.43
what is cloud management,0,630,0%,55.7
private cloud software,0,618,0%,76.34
hybrid cloud management solution,0,614,0%,12.38
bolt blog,0,610,0%,48.95
cloud costs,0,609,0%,63.91
multicloud management,0,600,0%,64.16
multicloud,0,598,0%,83.89
hybrid cloud management software,0,596,0%,6.4
orchestration,0,587,0%,75.25
best hybrid cloud,0,579,0%,57.91
advantages of hybrid cloud,0,568,0%,69.5
microsoft hybrid cloud management tools,0,537,0%,36.38
bolt on technology cost,0,535,0%,42.05
enterprise cloud management,0,527,0%,29.65
cloud automated software,0,523,0%,10.01
what is public cloud computing vs private,0,518,0%,58.44
multi cloud connections,0,517,0%,72.47
cloud orchestration platform,0,504,0%,13.9
bare metal provisioning,0,503,0%,64.44
hybrid cloud comparison,0,501,0%,40.5
manage cloud,0,497,0%,73.96
cloud and automation,0,495,0%,9.53
role based access control software,0,495,0%,18.27
gartner iaas,0,493,0%,20.66
automation in cloud computing,0,492,0%,19
cloud integrations,0,491,0%,85.46
gcp software,0,482,0%,42.2
cloud computing glossary,0,482,0%,55.82
cloud automation devops,0,481,0%,18.73
self service it,0,478,0%,30.41
service lifecycle management,0,474,0%,65.27
devops hybrid cloud,0,474,0%,86.85
provisioning cloud,0,473,0%,11.21
google hybrid cloud,0,467,0%,63.4
juniper firewall,0,467,0%,70.56
hybrid cloud management software vendors,0,466,0%,27.61
workflow orchestration tools,0,462,0%,50.86
multicloud connections,0,461,0%,41.57
best hybrid cloud automation,0,456,0%,7.34
self service cloud,0,456,0%,17.34
iaas magic quadrant,0,449,0%,19.76
cloud management tool,0,447,0%,26.85
aws gartner,0,447,0%,27.96
cloud service orchestration,0,447,0%,77.72
devops weekly,0,446,0%,30.98
private cloud and public cloud,0,442,0%,75.98
cloud orchestration vendors,0,439,0%,26.94
provisioning automation,0,439,0%,33.31
iac software,0,435,0%,22.46
multi-cloud management,0,434,0%,39.52
magic quadrant for cloud infrastructure as a service,0,427,0%,26.3
microsoft hybrid cloud,0,425,0%,58.15
cloud computing environment,0,423,0%,47.51
cloud bursting,0,422,0%,98.21
containerization security,0,417,0%,76.38
extensibility software,0,415,0%,43.92
aws partner portal,0,411,0%,26.61
hosted application vs saas,0,411,0%,49.89
bolt careers,0,409,0%,39.49
biggest cloud providers,0,409,0%,46.08
infrastructure provisioning,0,409,0%,60.61
features of hybrid cloud,0,408,0%,40.19
what is ipam,0,406,0%,77.45
hybrid cloud wiki,0,403,0%,26.19
review management platform,0,403,0%,84.94
cross-cloud,0,401,0%,43.55
multi-cloud provisioning,0,401,0%,80.03
cloud deployment,0,400,0%,58.46
servicenow alternative,0,398,0%,54.87
virtual machine sprawl,0,393,0%,52.53
hybrid cloud security challenges,0,393,0%,86.8
best cloud platform for startups,0,388,0%,67.34
io software solutions,0,387,0%,56.66
you are not expected to understand this,0,384,0%,6.48
hybrid cloud management platforn,0,384,0%,8.11
cloud orchestrator,0,384,0%,30.65
hybrid cloud azure,0,380,0%,54.49
aws structure,0,378,0%,60.43
devops tools comparison,0,377,0%,84.5
service lifecycle management software,0,375,0%,35.51
kubernetes management,0,373,0%,36.62
gartner cloud magic quadrant,0,372,0%,28.97
top iaas providers,0,369,0%,30.24
google cloud data orchestration,0,369,0%,44.07
bolt-on software,0,365,0%,77.97
anything as a service,0,364,0%,41.71
self-service software,0,364,0%,80.2
aws well architected framework,0,363,0%,91.75
hybrid cloud management provider,0,362,0%,65.06
container orchestration software,0,362,0%,66.61
cloud iaas providers,0,359,0%,47.37
cloud governance tools,0,359,0%,61.72
cloud automation testing,0,357,0%,65.83
private and public cloud,0,354,0%,21.13
automation and orchestration,0,352,0%,77.25
hybrid automation,0,351,0%,38.44
best iaas,0,351,0%,60.5
hybrid cloud market,0,350,0%,63.75
service orchestration tools,0,348,0%,73.13
enterprise software vs saas,0,346,0%,42.3
kubernetes orchestration,0,345,0%,58.27
cloud automation and orchestration tools,0,344,0%,24.33
onmicrosoft,0,344,0%,57.56
largest cloud providers,0,343,0%,28.5
channel cloud,0,342,0%,34.6
azure cloud management,0,342,0%,63.55
cloud management platform vendors,0,341,0%,17.99
chef vs docker,0,335,0%,13.84
what is cloud orchestration,0,334,0%,20.56
hybrid cloud monitoring tools,0,334,0%,81.96
what is provisioning in cloud computing,0,333,0%,10.86
puppet vs chef,0,333,0%,52.12
hybrid cloud aws vs azure,0,333,0%,52.68
lifecycle management features,0,333,0%,74.32
bolt on software,0,331,0%,28.35
cloud infrastructure management services,0,331,0%,71.63
hybrid cloud governance,0,330,0%,59.46
what is public cloud and private cloud,0,329,0%,73.2
devops configuration management tools,0,327,0%,47.97
demo service now cloud management,0,326,0%,9.2
provisioning in cloud computing,0,325,0%,10.83
hosted vm,0,325,0%,51.04
cloud infrastructure automation,0,325,0%,69.45
why public cloud,0,324,0%,67.83
chef puppet,0,322,0%,82.82
veeam support,0,321,0%,83.75
best iaas providers,0,320,0%,31.4
open source cloud orchestration,0,319,0%,30.24
cloud automation services,0,318,0%,62.02
azure cloud storage,0,316,0%,57.89
it cost transparency software,0,313,0%,16.44
enterprise software trends,0,313,0%,65.69
cloud software management,0,311,0%,29.17
cloud management tools comparison,0,310,0%,23.85
hybrid cloud monitor,0,310,0%,92.56
enterprise cloud providers,0,306,0%,74.01
saas vs hosted,0,303,0%,18.74
cloud management platform features,0,302,0%,22.15
gartner cloud management platform magic quadrant 2019,0,301,0%,8.1
isv aws,0,301,0%,41.14
containerization software,0,301,0%,78.41
private public cloud,0,297,0%,39.75
gartner hybrid cloud magic quadrant,0,293,0%,21.78
cloud cost management platform,0,293,0%,32.1
cloud computing private cloud,0,293,0%,55.32
hybrid it management,0,293,0%,74.02
provisioning tools,0,291,0%,31.59
rbac software,0,291,0%,55.33
cloud computing,0,290,0%,96.92
hybrid cloud implementation,0,289,0%,55.54
legacy technology,0,288,0%,76.13
servicenow partner portal,0,286,0%,77.23
terraform software,0,285,0%,31.15
multi cloud cost management,0,285,0%,42.43
hybrid cloud features,0,285,0%,56.42
hosted saas solution,0,285,0%,57.36
bolt-on software example,0,281,0%,40.96
cloud reporting software,0,281,0%,64.07
self service software,0,281,0%,78.42
automation and orchestration tools,0,278,0%,56.81
vmware saas yoycondonzdnet,0,277,0%,9.33
public cloud automation,0,277,0%,23.55
what is private cloud and public cloud,0,277,0%,63.1
bolt on software example,0,276,0%,28.49
what is infrastructure-as-code,0,276,0%,85.65
middlebox,0,275,0%,15.41
aws partner,0,273,0%,30.79
bolt technology,0,273,0%,48.33
eliminate shadow it,0,272,0%,61.79
what is orchestration software,0,271,0%,22.85
docker orchestration tools comparison,0,271,0%,31.07
cloud application development portland,0,271,0%,34.07
why is serverless better,0,269,0%,18.41
unified cloud services,0,269,0%,42.93
cloud services delivery orchestration,0,268,0%,52.95
multi cloud deployment tools,0,268,0%,74.96
devops tools,0,265,0%,99
cloud based automation,0,263,0%,29.49
azure cloud management tools,0,263,0%,52.42
onapp,0,261,0%,77.23
cloud computing cost management,0,260,0%,25.79
gartner magic quadrant iaas,0,259,0%,15.65
iaas vendors,0,259,0%,64.63
gartner orchestration,0,257,0%,23.96
iaas companies,0,257,0%,54.92
cloud platform management,0,257,0%,69.04
multi cloud deployment,0,256,0%,85.68
data orchestration software,0,255,0%,26.47
software companies in oregon,0,254,0%,82.06
private cloud management,0,253,0%,77.5
private cloud platform,0,253,0%,89.85
cloud infrastructure automation software,0,252,0%,25.03
cloud platform management tools,0,252,0%,37.53
ipam software,0,252,0%,90.97
enterprise cloud provider,0,252,0%,93.42
it orchestration tools,0,251,0%,27.72
comparing cloud management platforms,0,249,0%,14.63
bolt platform,0,249,0%,32.56
provisioning solutions,0,249,0%,57.88
chef software,0,248,0%,79.31
cloud reporting,0,248,0%,83.96
vmware cloud management platform new york,0,247,0%,9.54
what is orchestration in cloud,0,247,0%,13.4
bolt enterprises,0,245,0%,45.69
aws cloud management tools,0,245,0%,76.56
software orchestration,0,244,0%,15.46
amazon aws saaslardinoistechcrunch,0,243,0%,10.04
gartner magic quadrant cloud providers,0,243,0%,16.68
hybrid cloud cost,0,243,0%,74.65
multi-cloud data orchestration,0,242,0%,33.81
gartner magic quadrant workflow automation,0,242,0%,60.94
self service software portal,0,242,0%,81.12
hybrid cloud cisco,0,237,0%,30.36
aws tagging best practices,0,237,0%,67.92
gartner cloud quadrant,0,235,0%,29.39
cloud consolidation,0,235,0%,35.03
gartner workflow magic quadrant,0,235,0%,56.81
cloud access control,0,234,0%,89.91
cloud manager software,0,233,0%,27.2
easy to use governance platform,0,233,0%,57.47
why private cloud over public cloud,0,231,0%,32.85
cloud orchestration tools comparison,0,229,0%,8.6
what is private cloud computing,0,228,0%,33.81
hybrid cloud news,0,228,0%,40.86
cmp cloud,0,227,0%,46.25
enterprise cloud companies,0,227,0%,60.48
aws deployment tools,0,226,0%,64.34
delivery management platform,0,226,0%,80.67
hybrid cloud advantages,0,226,0%,81.46
gartner quadrant cloud,0,225,0%,35.96
how does ipam work,0,225,0%,58.6
chef and puppet,0,224,0%,67.23
what is orchestration in cloud computing,0,223,0%,13.07
deliver legacy software coud,0,221,0%,49.98
multi cloud review,0,221,0%,59.61
hybrid cloud tools,0,220,0%,39.73
how google cloud platform works,0,220,0%,44.84
chef deploy integration,0,219,0%,61.68
aws cloud governance,0,219,0%,87.48
juniper firewall management software,0,218,0%,37.5
private managed public cloud,0,218,0%,44.47
total cost of ownership software,0,218,0%,70.87
cloud governance aws,0,218,0%,74.93
it management tools,0,218,0%,86.34
gartner magic quadrant for cloud,0,217,0%,27.92
the enterprise cloud,0,217,0%,85.97
aws tagging strategy,0,216,0%,47.26
gartner cloud computing,0,216,0%,48.67
hp hybrid cloud management,0,216,0%,62.73
gartner hybrid cloud,0,214,0%,56.79
juniper security,0,214,0%,67.35
enterprise cloud software,0,212,0%,51.65
aws hybrid cloud architecture diagram,0,211,0%,45.66
cloud magic quadrant,0,210,0%,34.07
servicenow cloud,0,210,0%,37.64
cost management tools,0,210,0%,46.19
open source orchestration software,0,210,0%,54.7
cisco hybrid cloud,0,210,0%,54.76
cloud management suite pricing,0,208,0%,39.1
aws automation,0,208,0%,84.2
orchestration tool,0,207,0%,35.41
continuous intelligence,0,207,0%,92.75
servicenow software,0,206,0%,52.42
benefits of hybrid cloud,0,206,0%,70.6
cloud management and optimization,0,205,0%,45.96
hybrid cloud management services,0,205,0%,51.06
service orchestration in cloud computing,0,204,0%,27.13
cloud service automation tools,0,203,0%,22.41
quantum cloud computing supplier,0,203,0%,59.36
google cloud launcher,0,203,0%,66.62
bolt solution,0,202,0%,54.28
it automation platform,0,202,0%,61.27
servicenow call center integration,0,202,0%,64.37
public cloud cost management,0,201,0%,36.34
what is cloud bursting,0,201,0%,52.27
cloud services management platform,0,200,0%,59.95
enterprise cloud governance,0,199,0%,49.43
terraform bolt,0,198,0%,9.35
top cloud management platforms,0,198,0%,23.4
enterprise cloud solution companies,0,198,0%,70.29
private cloud management tools,0,195,0%,33.34
support maintenance company,0,194,0%,58.97
aws amazon aws saaslardinoistechcrunch,0,193,0%,10.75
chef automate,0,193,0%,56.27
cgcp software,0,191,0%,50.99
hybrid cloud management service,0,191,0%,51.86
multi cloud platform,0,191,0%,90.43
self provisioning,0,190,0%,43.52
what is serverless compute,0,190,0%,54.75
blueprints software,0,190,0%,55.7
gartner magic quadrant for cloud infrastructure as a service,0,189,0%,22.01
web self service alternatives,0,189,0%,63.6
best cloud orchestration software,0,188,0%,4.88
iaas gartner magic quadrant 2019,0,188,0%,21.64
vmware yoy yoycondonzdnet,0,187,0%,9.74
gartner magic quadrant cloud paas,0,187,0%,9.94
cloud management and orchestration,0,186,0%,12.59
magic quadrant for cloud computing,0,186,0%,13.81
cloudbolt support,0,185,0%,2.37
private and public clouds,0,185,0%,23.39
multi cloud management solutions,0,185,0%,48.73
benefits of hybrid cloud computing,0,185,0%,75.19
nist model of cloud computing,0,184,0%,3.71
aws cloud management platform,0,184,0%,43.43
chef deploy,0,184,0%,64.34
best iaas provider,0,183,0%,43.5
juniper firewall management,0,183,0%,49.38
hybrid integration software,0,183,0%,67.32
kubernetes container orchestration,0,182,0%,62.78
iac code,0,182,0%,67.49
magic quadrant cloud,0,181,0%,29.73
cmdb saas,0,180,0%,48.21
orchestration in cloud computing,0,179,0%,15.55
cloud management services portland,0,179,0%,35.19
web self service software,0,179,0%,70.33
devops connectivity management,0,179,0%,77.07
cloud capacity planning tools,0,179,0%,77.72
what is self service,0,179,0%,83.44
rightscale vs embotics,0,178,0%,5.52
orchestration in cloud,0,178,0%,20.35
on-demand self-service,0,178,0%,37.38
common cloud management platform,0,177,0%,34.5
cloud management suite cost,0,176,0%,36.9
gartner magic quadrant list,0,175,0%,59.86
cloud ipam,0,174,0%,8.13
gartner platform as a service,0,174,0%,26.85
cloud management company,0,174,0%,32.28
best iaas software,0,174,0%,43.54
what is public cloud computing,0,173,0%,33.42
software capabilities,0,173,0%,59.79
workload automation software comparison,0,172,0%,31.53
cloud management suite reviews,0,172,0%,32.73
cloud roi,0,172,0%,45.54
what is public cloud,0,170,0%,55.32
data orchestration tools,0,170,0%,79.45
cloud bursting technology,0,169,0%,81.15
devop tools,0,169,0%,84.36
hybrid cloud monitoring,0,169,0%,87.57
software usage reporting,0,168,0%,75.68
multi cloud gartner,0,167,0%,35.6
azure cloud management platform,0,166,0%,21.51
celery integrations,0,166,0%,83.23
cloud platforms comparison,0,166,0%,86.19
aws china,0,164,0%,78.85
gartner cloud management platform,0,163,0%,10.31
cloud governance software,0,163,0%,42.2
multi cloud,0,163,0%,85.91
what is cloud management software,0,162,0%,32.66
largest cloud companies,0,162,0%,43.19
software in the cloud,0,162,0%,80.73
automation orchestration,0,162,0%,81.4
saas vs cloud vs hosted,0,161,0%,34.22
it management platform,0,161,0%,68.68
orchestration data storage,0,161,0%,80.93
cloud provisioning portal,0,160,0%,14.88
on demand self service,0,160,0%,14.91
terraform bare metal provisioning,0,160,0%,42.64
what is service provisioning,0,159,0%,34.57
cloud complexity,0,159,0%,48.4
kubecon 2018 highlights,0,159,0%,89.01
chef docker,0,158,0%,54.77
big data hybrid cloud,0,158,0%,59.8
orchestration computing,0,157,0%,22.66
cloud cost management tools comparison,0,157,0%,40.7
hybrid cloud gartner,0,157,0%,49.96
bare metal software,0,157,0%,65.55
self service architecture,0,157,0%,66.13
cloud capabilities,0,157,0%,76.01
user access management software,0,157,0%,88.02
gartner cloud decisions,0,156,0%,31.15
service software inc,0,156,0%,57.69
configuration management tools comparison,0,156,0%,65.32
it automation and orchestration,0,156,0%,78.37
juniper hybrid cloud,0,155,0%,32.79
centurylink cloud,0,155,0%,53.02
cloud automation support,0,154,0%,75.23
cloud orchestration and automation,0,153,0%,21.93
magic quadrant for cloud,0,153,0%,24.07
how does private cloud work,0,153,0%,47.94
automation orchestration tools,0,153,0%,48.35
user self service,0,153,0%,57.49
centralized management,0,153,0%,81.99
what is infrastructure as code,0,153,0%,84.97
aws vs azure gartner,0,152,0%,23.68
hp cloud orchestration,0,152,0%,35.99
cloud-to-cloud data orchestration platform,0,152,0%,64.26
gartner workflow,0,151,0%,49.4
infrastructure as software,0,151,0%,49.68
hybrid cloud computing advantages,0,151,0%,70.62
open source orchestration tools,0,151,0%,81.27
iaas cloud providers,0,151,0%,91.24
largest iaas providers,0,150,0%,16.17
hybrid cloud magic quadrant,0,150,0%,23.01
product overview,0,150,0%,24.91
automated provisioning tools,0,150,0%,25.51
gartner cloud report,0,150,0%,37.13
centurylink partners,0,150,0%,58.87
self service catalog,0,150,0%,75.79
cloud infrastructure automation tools,0,150,0%,76.15
devops tools wiki,0,149,0%,82.15
what is cloud computing,0,149,0%,102.5
private cloud gartner magic quadrant,0,148,0%,15.46
cloud software comparison,0,148,0%,35.47
software orchestration tools,0,147,0%,17.88
panzura,0,147,0%,52.54
hybrid software,0,147,0%,57.84
bolt technologies,0,146,0%,19.49
centralized management software,0,146,0%,41.28
cloud infrastructure management software,0,146,0%,44.43
cloud management framework,0,146,0%,77.52
serverless compute,0,146,0%,82.98
best iaas providers 2019,0,145,0%,29.69
manage cloud cost,0,145,0%,43.14
celery software,0,145,0%,50.03
cloud service management software,0,145,0%,93.31
cloud governance roles,0,144,0%,34.62
azure private cloud storage,0,144,0%,64.56
private cloud automation,0,144,0%,66.45
"serverless compute,",0,144,0%,83.51
storage security software,0,143,0%,33.37
open source cloud management,0,143,0%,36.51
what is hybrid it management,0,143,0%,76.01
private cloud gartner,0,142,0%,36.27
data center orchestration tools,0,142,0%,46.39
firewall cloud security,0,142,0%,80.01
cloud solutions portland,0,142,0%,87.65
public cloud orchestration,0,141,0%,25.04
hybrid cloud challenges,0,141,0%,72.33
devops software,0,141,0%,87.6
cliqr vs vrealize,0,140,0%,8.61
advantages of cloud orchestration,0,140,0%,25.85
configuration management tools devops,0,140,0%,47.06
service orchestration software,0,140,0%,58.1
automation vs orchestration,0,140,0%,63.17
cloud-management,0,140,0%,66.7
cloud it management,0,140,0%,78.06
container orchestration comparison,0,140,0%,84.79
cloud governance automation,0,139,0%,61.25
cloud computing private public hybrid,0,139,0%,67.36
hybrid cloud startups,0,138,0%,73.49
cloud container technology,0,138,0%,77.44
gartner magic quadrant cloud orchestration,0,137,0%,13.55
cloud managament platform,0,137,0%,24.7
rugged dev ops,0,137,0%,52.15
saas vs on premise,0,137,0%,118.12
devops tools puppet,0,136,0%,56.23
automated server provisioning,0,136,0%,59.79
cloud management chicago,0,136,0%,66.57
hybrid cloud requirements,0,136,0%,74.4
support veeam,0,136,0%,80.18
isv appliance,0,135,0%,30.88
cloud management software reviews,0,135,0%,40.03
rugged devops vs devsecops,0,135,0%,41.27
what is rugged devops,0,135,0%,59.93
hybrid cloud vendors,0,135,0%,63.12
delivery hybrid cloud,0,135,0%,69.14
hybrid cloud platform,0,135,0%,92.58
automation cloud platform,0,134,0%,6.52
executive hires,0,134,0%,49.64
orchestration tools for kubernetes,0,134,0%,57.68
datadog gcp integration,0,134,0%,60.27
containerized software,0,134,0%,61.65
io software,0,134,0%,73.31
automation and orchestration strategy,0,134,0%,78.16
cloudforms competitors,0,133,0%,31.84
cloud cost roi,0,133,0%,48.59
centurylink partner,0,133,0%,51.05
cloud brusting,0,133,0%,105.5
gartner magic quadrant categories,0,132,0%,24.77
cloud management architecture,0,132,0%,38.63
gcp data orchestration,0,132,0%,46.52
configuration management tools in devops,0,132,0%,47.01
multicloud consolidation,0,132,0%,59.09
slack nutanix,0,132,0%,63.88
infrastructure management definition,0,132,0%,68.19
what is provisioning in it,0,131,0%,45.49
automation as a service,0,131,0%,55.6
configuration management software comparison,0,131,0%,63.3
what is multi-cloud management,0,131,0%,66.65
software on the cloud,0,131,0%,115.16
cloud solutions md,0,131,0%,124.37
vra containers,0,130,0%,17.2
servicenow orchestration integration,0,130,0%,47.33
devsecops rugged devops,0,130,0%,49.22
devops containerization,0,130,0%,52.42
multi cloud system,0,130,0%,67.22
containerized applications,0,130,0%,89.84
cloud orchestration solution,0,129,0%,11.35
multi-cloud automation,0,129,0%,35.69
panzura software,0,129,0%,48.36
why cloud management,0,129,0%,61.88
ipam for virtual environments,0,129,0%,70.43
private and public cloud computing,0,128,0%,11.93
cloud automation solution,0,128,0%,12.52
extreme networks cloud management,0,128,0%,29.58
manage hybrid cloud,0,128,0%,32.81
aws control tower vs landing zone,0,128,0%,42.49
microsoft azure hybrid cloud,0,128,0%,50.92
multi-cloud data management,0,128,0%,75.5
on demand provisioning in cloud computing,0,127,0%,12.13
gartner magic quadrant for cloud infrastructure as a service 2019,0,127,0%,23.76
ipam software comparison,0,127,0%,38.73
what is private cloud,0,127,0%,50.94
cloud reporting platform,0,127,0%,58.61
gartner magic quadrants list,0,127,0%,74.38
easier cloud management,0,126,0%,6.87
cloud automation service,0,126,0%,41.9
cloud data orchestration,0,126,0%,42.47
kubernetes software,0,126,0%,68.26
datastax cloud migration,0,125,0%,37.04
critical capabilities review,0,125,0%,61.16
software support agreement,0,125,0%,70.1
cloud visibility,0,125,0%,92.31
magic quadrant strengths,0,124,0%,18.06
gartner magic quadrant cloud service provider,0,124,0%,18.83
gartner multi cloud,0,123,0%,36.83
cdw partner portal,0,123,0%,40.75
support for cloud lifecycle management,0,123,0%,41.9
gartner private cloud,0,123,0%,43.5
multi cloud platform management,0,123,0%,60.06
vmware multi cloud,0,123,0%,62.2
programs orchestration,0,123,0%,62.96
enterprise cloud company,0,123,0%,73.86
cloud storage challenges,0,123,0%,78.94
extreme cloud management,0,122,0%,30.7
aws strategy,0,122,0%,63.66
review management platforms,0,122,0%,73.59
enterprise saas solutions,0,122,0%,74.48
multi cloud environment,0,122,0%,95.37
magic quadrant comparison,0,121,0%,37.15
public cloud vendors,0,121,0%,50.85
cloud governance platform,0,121,0%,72.69
cloud services provisioning software,0,120,0%,17.02
gartner paas magic quadrant,0,120,0%,17.93
service now alternatives,0,120,0%,42
iaas platform comparison,0,120,0%,46.91
cloudstack automation,0,120,0%,52.24
cloud hybrid technologies,0,120,0%,59.58
largest cloud computing companies,0,120,0%,60.52
enterprise cloud platform,0,120,0%,88.54
cloud service automation platform,0,119,0%,10.08
automation and orchestration software,0,119,0%,51.94
what is cloud service automation,0,119,0%,57.16
hybrid cloud computing benefits,0,119,0%,60.97
roi cloud,0,119,0%,64.34
configuration management comparison,0,119,0%,71.05
multi cloud data management,0,119,0%,76.62
gartner categories,0,118,0%,32.2
end user self service,0,118,0%,34.39
servicenow third party integration,0,118,0%,59.54
self service features,0,118,0%,62.25
roi revolution careers,0,118,0%,70.01
cloud business orchestration,0,117,0%,19.41
magic quadrant platform as a service,0,117,0%,25.06
popular cloud service providers,0,117,0%,85.17
discovery for hybrid cloud,0,116,0%,21.28
orchestration tools comparison,0,116,0%,28.39
cloud lifecycle management support,0,116,0%,38.72
multi-cloud manager,0,116,0%,40.23
cloud media orchestration,0,116,0%,66.67
multi cloud integration,0,116,0%,83.38
azure blueprints,0,115,0%,62.59
cloud devops tools,0,115,0%,76.01
apps anywhere,0,115,0%,85.32
not expected from you,0,114,0%,4.7
public cloud computing environment,0,114,0%,13.52
enterprise information cloud management software,0,114,0%,38.15
data management platform gartner,0,114,0%,46.28
private cloud architects,0,114,0%,70.29
cloud cmdb,0,114,0%,80.28
extreme networks blog,0,113,0%,14.21
self-service application environment,0,113,0%,25.97
cloud governance policies,0,113,0%,40.19
microsoft ignite sessions,0,113,0%,50.29
aws security automations,0,113,0%,50.32
hybrid cloud mainframe,0,113,0%,51.6
cloud empowerment,0,113,0%,64.06
cloud trends,0,113,0%,65.28
private cloud public cloud,0,113,0%,75.96
enterprise cloud adoption,0,113,0%,86.09
most popular devops tools,0,113,0%,89.16
multi cloud self service management platform,0,112,0%,17.66
cloud decisions gartner,0,112,0%,26.22
diminishing point,0,112,0%,68.29
public and private cloud,0,112,0%,94.63
enterprise hybrid,0,112,0%,103.66
automated cloud platform,0,111,0%,7.63
multi cloud cost management tools,0,111,0%,41.66
cloud infrastructure components,0,111,0%,57.71
portland software companies,0,111,0%,94.12
cloud lifecycle management gartner,0,110,0%,6.91
vm sprawl control,0,110,0%,20.78
chef is an orchestration tool,0,110,0%,24.65
amazon cloud deployment architecture,0,110,0%,41.25
control and governance software,0,110,0%,41.79
cloud cost management softwares,0,110,0%,45.14
orchestration solutions,0,110,0%,72.88
container orchestration tools,0,110,0%,86.6
aws experts,0,110,0%,86.63
orchestration servicenow,0,110,0%,87.24
gce integration,0,110,0%,92.87
cloud management solutions portland or,0,109,0%,5.48
#NAME?,0,109,0%,9.8
cloud automation provider,0,109,0%,23.06
#NAME?,0,109,0%,46.51
devops tools for mac,0,109,0%,49.19
open source portals comparison,0,109,0%,61
cloud governance benefits,0,109,0%,72.4
software provisioning,0,109,0%,75.68
hybrid cloud wikipedia,0,108,0%,29.76
gartner magic quadrant public cloud,0,108,0%,43.09
cloud computing environments,0,108,0%,45.33
automation cloud services,0,108,0%,47.96
cloud infrastructure and management solution,0,108,0%,56.44
infrastructure management tools,0,108,0%,61.91
multi cloud governance,0,108,0%,74.95
infrastructure orchestration,0,108,0%,84.46
how to manage hybrid cloud,0,107,0%,60.16
extreme network cloud solution,0,107,0%,61.13
cloud cost governance,0,107,0%,69.08
cloud management solutions portland,0,106,0%,7.24
cloud management tools open source,0,106,0%,26.87
bolt download,0,106,0%,32.93
bolt containers,0,106,0%,50.66
what is a cloud portal,0,106,0%,57.4
multi cloud capabilities,0,106,0%,63.17
cloud configuration management tools,0,106,0%,71.69
xaas platform services,0,106,0%,73.59
cloud provisioning and orchestration,0,105,0%,29.94
cloud orchestration service,0,105,0%,36.67
multi-cloud cluster automation,0,105,0%,42.85
aws orchestration tools,0,105,0%,56.26
solarwinds ipam,0,105,0%,69.59
byol marketplace software license key,0,104,0%,38.88
top enterprise cloud providers,0,104,0%,39.5
cloud vs docker,0,104,0%,56.24
container orchestration tools comparison,0,104,0%,57.07
public cloud computing services,0,104,0%,61.13
hybrid it monitoring use cases,0,104,0%,93.02
cloud service provisioning,0,103,0%,8.09
public cloud management software,0,103,0%,31.69
azure hci,0,103,0%,60.03
amazon web services well architected framework,0,103,0%,73.14
who are azure marketplace customers,0,103,0%,79.64
identity management in hybrid cloud,0,103,0%,88.16
docker orchestrators,0,102,0%,40.12
multi cloud manager,0,102,0%,42.68
ipam management,0,102,0%,93.3
hybrid cloud management gartner,0,101,0%,11.5
cloud management services portland or,0,101,0%,47.67
service now software,0,101,0%,51.2
private cloud trends,0,101,0%,61.88
azure hybrid,0,101,0%,67.93
cloud hybrid technologies llc,0,101,0%,72.24
outsourced noc runbook,0,101,0%,87.57
gartner magic quadrant for cloud management platforms,0,100,0%,8.48
cloud service automation solutions,0,100,0%,56.08
multi-cloud devops,0,100,0%,71.66
service life cycle management,0,100,0%,90.45
blueprint software integrations,0,99,0%,24.06
top iaas providers 2019,0,99,0%,31.42
mid market cloud security,0,99,0%,43.37
bolt software,0,99,0%,46.61
hybrid infrastructure monitoring,0,99,0%,52.8
aws vendor lock in,0,99,0%,53.04
address manager cloud,0,99,0%,55.3
cloud infrastructure management tools,0,99,0%,55.83
process orchestration tools,0,99,0%,61.85
automate provisioning,0,99,0%,63.16
devops software tools,0,99,0%,79.78
gartner iaas magic quadrant 2019,0,98,0%,16.96
infrastructure as code benefits,0,98,0%,28.87
unified cloud platform,0,98,0%,44.43
pros and cons aws lambda,0,98,0%,88.13
nist in cloud computing,0,97,0%,3.96
aws software,0,97,0%,24.19
download bolt,0,97,0%,30.85
what is it orchestration,0,97,0%,60.61
what is gartner,0,97,0%,62.28
ip address management software,0,97,0%,63.8
what is mulit cloud management,0,97,0%,66.11
ipam system,0,97,0%,80.04
hybrid cloud success,0,97,0%,95.51
aws partners,0,96,0%,25.46
datadog partner portal,0,96,0%,40.43
aws ec2 backup strategy,0,96,0%,58.08
devops configuration management tools list,0,96,0%,63.68
amazon devops tools,0,96,0%,77.05
agentless architechture,0,96,0%,92.45
azure marketplace availability,0,95,0%,58.66
aws cloud automation tools,0,95,0%,82.31
portland software company,0,95,0%,83.18
hybrid cloud investment,0,95,0%,84.01
amazon connect microsite,0,94,0%,18.24
location management platform,0,94,0%,32.97
cloud deployment software,0,94,0%,35.43
containerization,0,94,0%,176.56
periscope data connector,0,93,0%,46.29
multi cloud management software,0,93,0%,50.51
orchestrating user access control,0,93,0%,81.43
puppet chef,0,93,0%,82.16
best cloud management platforms,0,92,0%,22.11
software storage security,0,92,0%,57.61
paas pros and cons,0,92,0%,63.9
rackspace hybrid cloud,0,92,0%,63.92
server provisioning tools,0,92,0%,67.6
why use serverless cloud,0,92,0%,76.42
terraform service company,0,92,0%,78.79
cost management software,0,92,0%,154.11
amazon web server,0,91,0%,41.62
microsoft azurehybrid cloud,0,91,0%,47.99
cloud management platform openstack,0,91,0%,50.92
largest cloud software companies,0,91,0%,54.23
rackspace funding,0,91,0%,62.25
open source container orchestration,0,91,0%,69.82
ip address managment,0,91,0%,74.96
bolt terraform,0,90,0%,9.21
best free cloud management software,0,90,0%,32.96
the enterprise cloud company,0,90,0%,46.21
hybrid cloud computing environment,0,90,0%,69.47
lenovo partner,0,90,0%,72.3
hybrid cloud pricing,0,90,0%,73.67
cloud orchestration tools gartner,0,89,0%,10.72
cmp software,0,89,0%,33.38
the enterprise it cloud company,0,89,0%,80.13
hybrid cloud leaders,0,89,0%,80.3
infrastructure orchestration tools,0,89,0%,87.55
hybrid cloud setup,0,89,0%,88.07
puppet vs docker,0,88,0%,12.19
cloud management suite login,0,88,0%,26.62
rein cloud,0,88,0%,37.43
cloud resource management tools,0,88,0%,39.36
service cloud vs servicenow,0,88,0%,45.35
largest cloud computing providers,0,88,0%,56.75
aws ec2 tiers,0,88,0%,60.83
access governance software,0,88,0%,66.25
what is orchestration in devops,0,88,0%,89.27
time to value,0,88,0%,96.86
bolt office,0,87,0%,18.08
large cloud providers,0,87,0%,41.39
automated cloud deployment,0,86,0%,12.07
gartner cloud computing magic quadrant,0,86,0%,17.48
chef orchestration,0,86,0%,28.79
chef puppet amazon,0,86,0%,59.64
chef deployment,0,86,0%,67.43
