"Address","Occurrences","H1-1","H1-1 Length","Indexability","Indexability Status"
"https://www.columbusrecoverycenter.com/blog/former-ohio-state-neurosurgeon-spearheading-use-brain-imaging-addiction-treatment/","1","Former Ohio State Neurosurgeon Spearheading Use of Brain Imaging in Addiction Treatment","87","Indexable",""
"https://www.columbusrecoverycenter.com/blog/new-ohio-opioid-workplace-safety-program/","1","Ohio Bureau of Workers Compensation Pilots New Opioid Workplace Safety Program","78","Indexable",""
"https://www.columbusrecoverycenter.com/blog/gambling-addiction-childhood-trauma-ohio-residents-know/","1","Gambling Addiction and Childhood Trauma: What Ohio Residents Should Know","72","Indexable",""
"https://www.columbusrecoverycenter.com/treatment-programs/medical-detox/","1","Drug & Alcohol Detox Medically Supervised by The Recovery Village Columbus","74","Indexable",""
"https://www.columbusrecoverycenter.com/blog/in-network-anthem-blue-cross-blue-shield/","1","New Treatment Options for Anthem Blue Cross Blue Shield of Ohio Clients","71","Indexable",""
"https://www.columbusrecoverycenter.com/treatment-programs/","1","Ohio Addiction Treatment Programs at The Recovery Village Columbus Drug & Alcohol Rehab","87","Indexable",""
"https://www.columbusrecoverycenter.com/blog/amendment-petition-may-help-ohio-addicts-get-treatment-instead-jail-time/","1","Amendment Petition May Help Ohio Addicts Get Treatment Instead of Jail Time","75","Indexable",""
"https://www.columbusrecoverycenter.com/blog/ohio-hospitals-team-addiction-treatment-providers-address-crisis/","1","Ohio Hospitals Team with Addiction Treatment Providers to Address Crisis","72","Indexable",""
"https://www.columbusrecoverycenter.com/blog/driving-influence-opioids/","1","Driving Under the Influence of Opioids: What Ohio Residents Should Know","71","Indexable",""
"https://www.columbusrecoverycenter.com/blog/ohio-residents-ask-can-really-get-addicted-heroin-just-one-use/","1","Ohio Residents Ask: Can I Really Get Addicted to Heroin After Just One Use?","75","Indexable",""
"https://www.columbusrecoverycenter.com/blog/meth-epidemic-under-radar-due-to-marijuana-legalization-opioid-crisis/","1","Meth Epidemic Grows Under the Radar Due to Marijuana Legalization & Opioid Crisis","81","Indexable",""
"https://www.columbusrecoverycenter.com/blog/cardinal-health-billion-pills-eight-years/","1","Ohio Opioid Addiction Crisis Fueled by Cardinal Health Distribution of a Billion Pills in Eight Years","101","Indexable",""
"https://www.columbusrecoverycenter.com/blog/ohio-employees-ask-should-i-tell-my-employer-i-have-a-substance-use-disorder/","1","Employees Ask: Should I Tell My Employer I Have a Substance Abuse Disorder?","75","Indexable",""
"https://www.columbusrecoverycenter.com/blog/ohio-dept-higher-education-considering-adding-substance-abuse-prevention-curriculum/","1","Ohio Dept. of Higher Education Considering Adding Substance Abuse Prevention to Curriculum","90","Indexable",""
"https://www.columbusrecoverycenter.com/blog/how-to-find-support-for-mental-illness-and-substance-abuse-in-the-ohio-lgbt-community/","1","How to Find Support for Mental Illness and Substance Abuse in the Ohio LGBT Community","85","Indexable",""
"https://www.columbusrecoverycenter.com/blog/marijuana-use-can-increase-chances-of-cancer/","1","Marijuana Use Increases Chances of Prostate or Testicular Cancer, Studies Find","78","Indexable",""
"https://www.columbusrecoverycenter.com/blog/new-billboard-campaign-set-get-ohioans-talking-substance-abuse/","1","New Billboard Campaign Set to Get Ohioans Talking about Substance Abuse","71","Indexable",""
"https://www.columbusrecoverycenter.com/treatment-programs/residential-rehabilitation/","1","Inpatient Rehab & Residental Treatment at The Recovery Village Columbus Drug & Alcohol Rehab","92","Indexable",""
"https://www.columbusrecoverycenter.com/treatment-programs/outpatient/","1","Outpatient Treatment at The Recovery Village Columbus Drug & Alcohol Rehab","74","Indexable",""
