"Address","Occurrences","H2-1","H2-1 Length","Indexability","Indexability Status"
"https://www.columbusrecoverycenter.com/notice-privacy-practice/","0","","0","Indexable",""
"https://www.columbusrecoverycenter.com/editorial/kate-dube/","1","","0","Indexable",""
"https://www.columbusrecoverycenter.com/editorial/columbus/","1","","0","Indexable",""
"https://www.columbusrecoverycenter.com/alcohol-addiction/related/","0","","0","Indexable",""
"https://www.columbusrecoverycenter.com/editorial/erika-krull/","1","","0","Indexable",""
"https://www.columbusrecoverycenter.com/editorial/melissa-carmona/","1","","0","Indexable",""
"https://www.columbusrecoverycenter.com/editorial/jessica-pyhtila/","1","","0","Indexable",""
"https://www.columbusrecoverycenter.com/marijuana-abuse-resources/","0","","0","Indexable",""
"https://www.columbusrecoverycenter.com/blog/managing-anger-in-recovery/","0","","0","Indexable",""
"https://www.columbusrecoverycenter.com/editorial/erica-weiman/","1","","0","Indexable",""
"https://www.columbusrecoverycenter.com/blog/bariatric-surgery-alcohol-misuse/","0","","0","Indexable",""
"https://www.columbusrecoverycenter.com/blog/ohio-addiction-treatment-over-incarceration/","0","","0","Indexable",""
"https://www.columbusrecoverycenter.com/editorial/jonathan-strum/","1","","0","Indexable",""
"https://www.columbusrecoverycenter.com/editorial/benjamin-caleb-williams/","1","","0","Indexable",""
"https://www.columbusrecoverycenter.com/blog/county-offers-free-fentanyl-strips-decrease-overdoses/","0","","0","Indexable",""
"https://www.columbusrecoverycenter.com/editorial/jenni-jacobsen/","1","","0","Indexable",""
"https://www.columbusrecoverycenter.com/online-terms-conditions-use/","0","","0","Indexable",""
"https://www.columbusrecoverycenter.com/privacy-policy/","0","","0","Indexable",""
"https://www.columbusrecoverycenter.com/editorial/nicole-laneve/","1","","0","Indexable",""
"https://www.columbusrecoverycenter.com/blog/pdmps-opioid-crisis/","0","","0","Indexable",""
"https://www.columbusrecoverycenter.com/contact-us/","0","","0","Indexable",""
"https://www.columbusrecoverycenter.com/blog/addiction-recovery-quotes/","0","","0","Indexable",""
