"Address","Occurrences","Meta Description 1","Meta Description 1 Length","Meta Description 1 Pixel Width","Indexability","Indexability Status"
"https://www.bettersleep.com/info-covid19/","1","","0","0","Indexable",""
"https://www.bettersleep.com/info-chronotypes/","1","","0","0","Indexable",""
"https://www.bettersleep.com/bettersleep-faq/","1","","0","0","Indexable",""
"https://www.bettersleep.com/blog/meditation/","1","","0","0","Indexable",""
"https://www.bettersleep.com/blog/sound/","1","","0","0","Indexable",""
"https://www.bettersleep.com/blog/sounds/","1","","0","0","Indexable",""
"https://www.bettersleep.com/blog/sleep/","1","","0","0","Indexable",""
"https://www.bettersleep.com/blog/news/","1","","0","0","Indexable",""
"https://www.bettersleep.com/blog/relaxation/","1","","0","0","Indexable",""
"https://www.bettersleep.com/pt/blog/meditação/","1","","0","0","Indexable",""
"https://www.bettersleep.com/pt/blog/som/","1","","0","0","Indexable",""
"https://www.bettersleep.com/pt/blog/relaxamento/","1","","0","0","Indexable",""
"https://www.bettersleep.com/pt/blog/sono/","1","","0","0","Indexable",""
"https://www.bettersleep.com/fr/blog/sommeil/","1","","0","0","Indexable",""
"https://www.bettersleep.com/fr/blog/meditation/","1","","0","0","Indexable",""
"https://www.bettersleep.com/fr/blog/relaxation/","1","","0","0","Indexable",""
"https://www.bettersleep.com/fr/blog/sons/","1","","0","0","Indexable",""
"https://www.bettersleep.com/blog/meditation/page/7/","1","","0","0","Indexable",""
"https://www.bettersleep.com/blog/meditation/page/8/","1","","0","0","Indexable",""
"https://www.bettersleep.com/blog/meditation/page/5/","1","","0","0","Indexable",""
"https://www.bettersleep.com/blog/meditation/page/6/","1","","0","0","Indexable",""
"https://www.bettersleep.com/blog/meditation/page/3/","1","","0","0","Indexable",""
"https://www.bettersleep.com/blog/meditation/page/4/","1","","0","0","Indexable",""
"https://www.bettersleep.com/blog/meditation/page/2/","1","","0","0","Indexable",""
"https://www.bettersleep.com/blog/sound/page/2/","1","","0","0","Indexable",""
"https://www.bettersleep.com/blog/sleep/page/8/","1","","0","0","Indexable",""
"https://www.bettersleep.com/blog/sleep/page/6/","1","","0","0","Indexable",""
"https://www.bettersleep.com/blog/sleep/page/20/","1","","0","0","Indexable",""
"https://www.bettersleep.com/blog/sleep/page/4/","1","","0","0","Indexable",""
"https://www.bettersleep.com/blog/sleep/page/10/","1","","0","0","Indexable",""
"https://www.bettersleep.com/blog/sleep/page/22/","1","","0","0","Indexable",""
"https://www.bettersleep.com/blog/sleep/page/2/","1","","0","0","Indexable",""
"https://www.bettersleep.com/blog/sleep/page/12/","1","","0","0","Indexable",""
"https://www.bettersleep.com/blog/sleep/page/24/","1","","0","0","Indexable",""
"https://www.bettersleep.com/blog/sleep/page/14/","1","","0","0","Indexable",""
"https://www.bettersleep.com/blog/sleep/page/26/","1","","0","0","Indexable",""
"https://www.bettersleep.com/blog/sleep/page/16/","1","","0","0","Indexable",""
"https://www.bettersleep.com/blog/sleep/page/5/","1","","0","0","Indexable",""
"https://www.bettersleep.com/blog/sleep/page/9/","1","","0","0","Indexable",""
"https://www.bettersleep.com/blog/sleep/page/18/","1","","0","0","Indexable",""
"https://www.bettersleep.com/blog/sleep/page/7/","1","","0","0","Indexable",""
"https://www.bettersleep.com/blog/sleep/page/21/","1","","0","0","Indexable",""
"https://www.bettersleep.com/blog/sleep/page/3/","1","","0","0","Indexable",""
"https://www.bettersleep.com/blog/sleep/page/23/","1","","0","0","Indexable",""
"https://www.bettersleep.com/blog/sleep/page/11/","1","","0","0","Indexable",""
"https://www.bettersleep.com/blog/sleep/page/13/","1","","0","0","Indexable",""
"https://www.bettersleep.com/blog/sleep/page/25/","1","","0","0","Indexable",""
"https://www.bettersleep.com/blog/sleep/page/15/","1","","0","0","Indexable",""
"https://www.bettersleep.com/blog/sleep/page/17/","1","","0","0","Indexable",""
"https://www.bettersleep.com/blog/sleep/page/27/","1","","0","0","Indexable",""
"https://www.bettersleep.com/blog/sleep/page/19/","1","","0","0","Indexable",""
"https://www.bettersleep.com/blog/relaxation/page/8/","1","","0","0","Indexable",""
"https://www.bettersleep.com/blog/news/page/3/","1","","0","0","Indexable",""
"https://www.bettersleep.com/blog/news/page/2/","1","","0","0","Indexable",""
"https://www.bettersleep.com/blog/relaxation/page/9/","1","","0","0","Indexable",""
"https://www.bettersleep.com/blog/relaxation/page/6/","1","","0","0","Indexable",""
"https://www.bettersleep.com/blog/relaxation/page/2/","1","","0","0","Indexable",""
"https://www.bettersleep.com/blog/relaxation/page/3/","1","","0","0","Indexable",""
"https://www.bettersleep.com/blog/relaxation/page/7/","1","","0","0","Indexable",""
"https://www.bettersleep.com/blog/relaxation/page/4/","1","","0","0","Indexable",""
"https://www.bettersleep.com/blog/relaxation/page/5/","1","","0","0","Indexable",""
"https://www.bettersleep.com/es/blog/sueño/","1","","0","0","Indexable",""
"https://www.bettersleep.com/es/blog/meditación/","1","","0","0","Indexable",""
"https://www.bettersleep.com/es/blog/sonido/","1","","0","0","Indexable",""
"https://www.bettersleep.com/es/blog/relajación/","1","","0","0","Indexable",""
"https://www.bettersleep.com/pt/blog/sono/page/2/","1","","0","0","Indexable",""
"https://www.bettersleep.com/es/blog/sueño/page/2/","1","","0","0","Indexable",""
"https://www.bettersleep.com/sleep-sounds/water-sounds-to-fall-asleep/","1","","0","0","Indexable",""
