query,value
health insurance,100
car insurance,93
life insurance,92
auto insurance,50
home insurance,38
progressive insurance,29
progressive,29
insurance near me,29
dental insurance,26
insurance companies,24
medical insurance,22
farmers insurance,22
farmers,21
insurance quotes,17
renters insurance,17
pet insurance,17
state farm insurance,16
state farm,16
travel insurance,16
geico,16
geico insurance,16
cheap insurance,15
general insurance,15
homeowners insurance,15
liability insurance,15
loan calculator,100
student loan,92
car loan,90
home loan,76
auto loan,72
loans,51
get a loan,49
loan forgiveness,47
mortgage loan,46
personal loan,36
fha loan,32
student loan forgiveness,31
va loan,30
car loan calculator,28
ppp loan,27
auto loan calculator,25
business loan,23
loan near me,22
credit union,21
online loan,18
bad credit loan,18
sba,18
sba loan,18
home equity loan,16
first loan,14
mortgage calculator,100
mortgage rates,68
rocket mortgage,39
mortgage loan,36
home mortgage,35
mortgage rate,21
freedom mortgage,19
what is a mortgage,12
mortgage insurance,12
mortgage interest rates,11
interest rates,11
refinance mortgage,11
mortgage payment calculator,11
mortgage rates today,11
current mortgage rates,8
wells fargo mortgage,8
reverse mortgage,7
mortgage lenders,7
mortgage loan calculator,7
loan calculator,7
chase mortgage,6
30 year mortgage rates,5
home mortgage calculator,5
mortgage lender,5
carrington mortgage,5
injury attorney,100
personal injury attorney,92
attorney general,88
power of attorney,84
district attorney,56
attorney near me,54
accident attorney,52
family attorney,26
defense attorney,25
divorce attorney,24
home warranty choice home warranty,23
attorney search,22
car accident attorney,22
criminal attorney,22
personal injury attorney chicago chicagoaccidentattorney.net,20
attorney general texas,18
ace attorney,18
baltimore personal injury attorney rafaellaw.com,17
real estate attorney,17
power of attorney form,17
personal injury attorney memphis beyourvoice.com,16
family law attorney,15
best personal injury attorney chicago langdonemison.com,14
personal injury attorney maryland rafaellaw.com,13
san francisco personal injury attorney dolan law,12
credit union,100
credit card,84
credit karma,21
credit one,15
credit score,11
child tax credit,9
credit cards,9
capital one,6
chase credit card,5
capital one credit card,4
care credit,4
best buy credit card,4
discover,3
amazon credit card,3
navy federal credit union,3
credit one login,3
credit union near me,3
discover credit card,3
discover card,3
home depot credit card,3
child tax credit 2022,3
bad credit loans,2
credit one bank,2
lowes credit card,2
credit karma login,2
injury lawyer,100
personal injury lawyer,83
accident lawyer,65
attorney,49
lawyer near me,35
car accident lawyer,30
home warranty choice home warranty,20
divorce lawyer,20
memphis personal injury lawyer beyourvoice.com,19
best personal injury lawyer,19
insurance lawyer,17
immigration,16
immigration lawyer,16
truck accident lawyer,15
chicago injury lawyer langdonemison.com,15
criminal lawyer,13
baltimore personal injury lawyer rafaellaw.com,13
family lawyer,12
los angeles personal injury lawyer cz.law,12
truck accident lawyer chicago chicagoaccidentattorney.net,11
estate lawyer,11
personal injury lawyer maryland rafaellaw.com,10
delta 8 d8.co,10
personal injury lawyer kansas city langdonemison.com,9
car accident lawyer baltimore rafaellaw.com,9
donate blood,100
donate plasma,99
plasma,99
donate money,37
ukraine donate,32
donate clothes,27
donate to ukraine,25
donate eggs,18
how to donate plasma,17
donate plasma for money,11
can i donate blood,11
donate hair,10
goodwill,10
goodwill donate,10
donate plasma near me,9
donate books,9
can i donate plasma,8
donate furniture,8
donate car,7
donate blood near me,6
red cross,6
charities to donate to,5
donating plasma,5
donate sperm,4
donate to goodwill,4
college degree,100
masters degree,63
business degree,49
bachelor degree,42
associate degree,34
associate,34
psychology degree,32
psychology,32
bachelors degree,30
engineering degree,29
as degree,29
nursing degree,27
associates degree,26
45 degree,25
law degree,23
master degree,23
degree symbol,22
online degree programs,15
computer science,15
computer science degree,15
accounting degree,13
criminal justice degree,13
jobs without a degree,12
mba,12
mba degree,11
web hosting,100
server hosting,98
server,96
who is hosting,66
best hosting,66
free hosting,65
website hosting,49
minecraft hosting,37
wordpress hosting,25
wordpress,25
minecraft server hosting,21
minecraft server,21
domain hosting,21
snl,20
cloud hosting,20
email hosting,13
hosting snl tonight,13
apex hosting,12
apex,12
google hosting,11
godaddy,11
godaddy hosting,11
hosting services,10
free server hosting,10
hosting service,9
insurance claim,100
what is a claim,60
claim unemployment,60
claim number,56
file a claim,54
phone claim,36
va claim,29
baggage claim,20
quit claim,18
claim jumper,15
quit claim deed,15
claim company,14
claim meaning,10
unemployment weekly claim,10
claim definition,10
head of household,7
file unemployment claim,7
asurion claim,7
asurion,7
state farm claim,6
usps claim,6
ups claim,6
geico claim,5
recovery rebate credit,1
standard deduction 2021,1
free conference call,100
conference call iphone,51
conference call on iphone,40
conference call number,28
how to conference call on iphone,26
zoom conference call,20
google conference call,17
free conference call usa,16
free conference call number,16
free conference call login,15
conference call on android,14
conference call services,12
tntsuperfantastic conference call,10
how to do conference call on iphone,9
how to conference call on android,7
how to set up a conference call,7
tntsuperfantastic conference call today,6
how to do a conference call on iphone,6
free conference call app,6
conference call speaker,5
conference call meaning,5
tnt super fantastic conference call,4
tesla conference call,3
conference call bingo,3
tnt showtime conference call,2
oriental trading,100
oriental,100
trading post,100
trading company,86
duluth,84
duluth trading,84
sierra trading,53
sierra,53
sierra trading post,51
stock trading,51
trading cards,37
day trading,37
forex trading,26
duluth trading company,23
options trading,22
oriental trading company,19
crypto trading,17
trading view,16
trading places,15
insider trading,13
trading online,13
futures trading,8
after hours trading,7
bitcoin trading,6
option trading,6
software engineer,100
project management software,70
crm software,67
software update,63
project management software monday,59
crm software monday,56
crm monday,56
from software,44
software development,40
editing software,40
software company,39
tax software,37
software engineer salary,36
software engineering,31
software developer,27
home warranty choice home warranty,26
accounting software,24
video editing software,20
logitech software,18
logitech,18
workforce software monday,18
free editing software,16
project management tools monday,15
home appliance warranty choice home warranty,15
music software,14
covid recovery,100
recovery rebate,69
account recovery,67
rebate recovery credit,65
data recovery,55
recovery mode,53
google recovery,50
password recovery,30
disaster recovery,27
google account recovery,25
google account,25
recovery road,24
gmail recovery,22
muscle recovery,22
recovery rebate credit 2021,21
email recovery,20
portfolio recovery,19
celebrate recovery,17
apple recovery,14
iphone recovery mode,12
windows 10 recovery,11
smart recovery,8
facebook recovery,8
account recovery gmail,8
bitlocker recovery,7
how to transfer,100
money transfer,33
transfer iphone to iphone,21
transfer portal,15
transfer case,14
transfer news,13
how to transfer iphone to iphone,13
transfer station,13
heat transfer,13
title transfer,13
wire transfer,13
balance transfer,10
transfer switch,8
energy transfer,6
transfer paper,5
transfer portal football,5
android to iphone transfer,4
union transfer,4
arsenal transfer,4
we transfer,4
arsenal transfer news,4
arsenal news,4
zelle transfer,4
balance transfer credit card,3
transfer from android to iphone,3
gas station,100
gas near me,97
gas prices,89
gas station near me,43
gas price,38
costco gas,29
gas can,28
gas tank,23
natural gas,22
gas prices near me,19
gas stations,18
gas buddy,11
gas fireplace,10
gas stove,10
propane gas,9
costco gas price,9
gas company,8
gas stations near me,7
gas grill,7
price of gas,7
shell gas,6
sams gas,6
gas bill,6
air gas,6
gas range,6
classes near me,100
online classes,35
dance classes,17
cooking classes,13
art classes,10
elden ring classes,9
dance classes near me,9
my classes,9
yoga classes,9
fitness classes,8
cna,7
cna classes,7
lost ark classes,7
lost ark,7
boxing classes,6
pottery classes,6
real estate classes,5
cpr classes,5
ged classes,5
schedule of classes,5
ap classes,4
pole dancing classes,4
workout classes,4
acting classes,3
spanish classes,3
rehab center,100
drug rehab,67
rehab near me,59
rehab centers,36
alcohol rehab,33
inpatient rehab,28
rehabilitation,24
outpatient rehab,16
what is rehab,15
physical therapy,14
rehab facilities,14
rehab medical,13
cardiac rehab,12
rehab facility,11
rehabilitation center,9
acute rehab,7
rehab centers near me,6
free rehab,5
drug rehab near me,5
encompass,5
drug rehab centers,5
encompass rehab,4
california rehab,4
windy city rehab,4
ivy rehab,3
in treatment,100
covid treatment,37
hair treatment,31
cancer treatment,25
acne treatment,15
monoclonal antibody treatment,13
treatment for covid,13
royal treatment,10
uti treatment,9
yeast infection treatment,8
yeast infection,8
scalp treatment,7
keratin treatment,7
the royal treatment,7
addiction treatment,7
eczema treatment,5
eczema,5
depression treatment,5
pneumonia treatment,5
anxiety treatment,4
covid antibody treatment,4
lice treatment,4
hair loss treatment,4
arthritis treatment,4
cold sore,3
spinal cord,100
cord blood banking,97
umbilical cord blood,88
umbilical cord,88
cord blood registry,41
cbr cord blood,23
cbr,23
cord blood banking cost,16
what is cord blood banking,10
umbilical cord blood banking,9
hiv cure umbilical cord blood,7
how much is cord blood banking,7
cord blood banking pros and cons,5
cord blood banking companies,3
hotel,100
hotels near me,94
cheap hotels,47
vegas hotels,28
hotels downtown,26
hilton hotels,25
hilton,25
marriott hotels,23
marriott,23
las vegas hotels,22
miami hotels,19
hotels in florida,17
orlando hotels,17
pet friendly hotels,16
airbnb,16
disney hotels,14
expedia hotels,12
holiday inn,11
google hotels,11
hotels in vegas,11
new york hotels,11
cheap hotels near me,11
hotel near me,10
nashville hotels,10
chicago hotels,10
internet speed,100
test internet,82
internet test speed,78
speed test,78
the internet,65
spectrum internet,38
spectrum,38
internet service,34
home internet,30
xfinity internet,25
xfinity,25
internet providers,23
verizon internet,19
wifi,19
no internet,18
at&t internet,18
att internet,15
internet near me,14
internet outage,14
cable internet,14
internet connection,13
internet explorer,11
free internet,11
my internet speed,10
frontier internet,10
web hosting,100
server hosting,98
server,96
who is hosting,66
best hosting,66
free hosting,65
website hosting,49
minecraft hosting,37
wordpress hosting,25
wordpress,25
minecraft server hosting,21
minecraft server,21
domain hosting,21
snl,20
cloud hosting,20
email hosting,13
hosting snl tonight,13
apex hosting,12
apex,12
google hosting,11
godaddy,11
godaddy hosting,11
hosting services,10
free server hosting,10
hosting service,9
ipod touch,100
apple ipod,40
apple,40
nano ipod,35
iphone,19
shuffle ipod,15
ipod case,13
classic ipod,13
ipod pro,10
ipod 7th generation,9
ipad,8
itunes,7
ipod phone,6
mini ipod,5
old ipod,5
ipod cases,5
ipod touch 7th generation,5
apple ipod touch,4
new ipod,4
ipod charger,4
airpods,4
ipod mp3,4
ipod bluetooth,4
reset ipod,4
ipod 5th generation,3
whatsapp web,100
whatsapp,100
the web,84
spotify,66
spotify web,66
web player,65
spotify web player,64
web cam,28
web store,28
web design,28
dark web,26
web browser,24
spider web,19
chrome web store,19
web series,18
www.google search web,15
web development,14
web services,13
web md,13
web developer,10
food web,10
outlook web,9
telegram web,8
telegram,8
the dark web,8
youtube tv,100
youtube music,93
youtube videos,70
youtube video,67
mp3 youtube,64
youtube to mp3,53
youtube news,42
my youtube,39
youtube kids,33
youtube channel,30
youtube download,29
youtube live,27
youtube movies,21
home youtube,19
youtube downloader,17
youtube app,15
youtube converter,15
youtube mp4,14
fox news youtube,13
youtube shorts,5
youtube vanced,3
baby shark youtube,1
youtube tv activate,1
white noise youtube,1
sssniperwolf youtube,1
prime video,100
video game,72
youtube video,65
amazon video,62
amazon prime video,52
video games,47
download video,30
video downloader,18
video camera,15
google video,14
video chat,9
nelly video,9
video editor,8
download youtube video,7
tik tok video,6
youtube video downloader,6
cat video,6
nelly twitter,2
nelly twitter video,2
kamara video,2
lil fizz video,1
shark attack video,1
alvin kamara video,1
smith machine squat death video,1
isaiah rashad video,0
movie theater,100
movie theaters,36
dog movie,29
batman movie,25
home movie,23
movie theater near me,19
up movie,18
old movie,18
movie theaters near me,16
movie times,15
uncharted movie,14
spiderman movie,14
kids movie,13
scary movie,12
movie theatre,12
the batman movie,11
life movie,11
scream movie,11
dog the movie,10
look movie,10
us movie,9
movie showtimes,9
jackass movie,5
355 movie,4
turning red movie,4
the table,100
dining table,62
periodic table,57
coffee table,56
round table,53
table top,32
open table,26
pool table,24
kitchen table,21
table saw,21
side table,19
premier league table,18
small table,18
the periodic table,15
end table,15
console table,15
pivot table,14
outdoor table,13
ikea table,13
table lamp,12
round table pizza,12
dining room table,11
sur la table,10
epl table,10
folding table,10
laundry hamper,100
basket hamper,12
clothes hamper,11
hamper with lid,11
laundry basket,9
wicker hamper,6
laundry hamper with lid,6
double hamper,5
baby hamper,5
hamper with wheels,4
target hamper,4
walmart hamper,4
amazon hamper,4
black hamper,4
ikea,4
ikea hamper,4
plastic hamper,4
bathroom hamper,4
hamper definition,4
large hamper,3
small hamper,3
hampers,3
kids hamper,3
laundry sorter hamper,3
laundry sorter,3
